"0","bench <- readr::read_csv(here(""data"", ""summary_bench_spectre.csv"")) |>"
"0","  dplyr::mutate_at(""cpu_usage"", stringr::str_remove_all, ""%"") |>"
"0","  dplyr::mutate_at(""cpu_usage"", readr::parse_number)"
"1","[1m[1mRows: [1m[22m[34m[34m22[34m[39m [1m[1mColumns: [1m[22m[34m[34m5[34m[39m
"
"1","[36m--[39m [1m[1mColumn specification[1m[22m [36m----------------------------------------------------------------[39m
[1mDelimiter:[22m "",""
[31mchr[39m  (2): Programs, cpu_usage
[32mdbl[39m  (2): execution_time_secs, memory_usage
[34mtime[39m (1): execution_time
"
"1","
[36mi[39m Use [38;5;251m[48;5;235m[38;5;251m[48;5;235m`spec()`[48;5;235m[38;5;251m[49m[39m to retrieve the full column specification for this data.
[36mi[39m Specify the column types or set [38;5;251m[48;5;235m[38;5;251m[48;5;235m`show_col_types = FALSE`[48;5;235m[38;5;251m[49m[39m to quiet this message.
"
